seqIndex,prediction,distToMargin,P(-1),P(+1)
48,1,0.37484746882302655,0.22026992590447,0.7797300740955301
64,1,0.276165273632629,0.2810666729511432,0.7189333270488568
80,1,0.27284935082766887,0.28327756044931135,0.7167224395506888
32,1,0.27241285548953753,0.28356937442579794,0.716430625574202
79,1,0.27124197025825325,0.2843530516898274,0.7156469483101724
18,1,0.23572207050861832,0.30873288199010557,0.6912671180098945
66,1,0.19636492196968486,0.33704278171381064,0.6629572182861894
65,1,0.1870817139294634,0.3439041824355141,0.6560958175644857
49,1,0.17925314169060574,0.3497416385681108,0.6502583614318891
15,1,0.1733302031062124,0.3541883690717788,0.645811630928221
63,1,0.1693885114079077,0.35347792460100735,0.6465220753989929
50,1,0.09503076033867097,0.41463298087666256,0.5853670191233374
25,1,0.09393807860176462,0.41552534941403135,0.5844746505859688
78,1,0.0851443549549877,0.42270585488539375,0.5772941451146062
33,1,0.08257084850198664,0.4248071164379595,0.5751928835620405
42,1,0.08076684786466329,0.42628011045741815,0.5737198895425818
35,1,0.05747661157667153,0.44530839298882197,0.5546916070111781
31,1,0.02494298734464325,0.471963131010484,0.5280368689895162
77,1,0.005474072487786355,0.48796212041113135,0.5120378795888688
76,-1,-0.021082354003530437,0.5098120587199753,0.4901879412800247
1,-1,-0.03503382337221468,0.5212797000565378,0.4787202999434623
17,-1,-0.08682172026977122,0.5634547371763491,0.43654526282365097
14,-1,-0.09529415331748814,0.5702497340094624,0.42975026599053756
41,-1,-0.10375313243511955,0.5769923274733908,0.4230076725266092
57,-1,-0.1240915500338253,0.5930084912504104,0.40699150874958956
73,-1,-0.14262191262307294,0.6073250897468524,0.3926749102531477
2,-1,-0.16044441568877774,0.6208151439225947,0.3791848560774052
6,-1,-0.16944264712494483,0.6275146831274696,0.3724853168725303
19,-1,-0.17086399987014997,0.6285658969706305,0.3714341030293696
7,-1,-0.17312288413426213,0.630232545088088,0.36976745491191193
47,-1,-0.1817593563003109,0.6365591274853992,0.36344087251460083
51,-1,-0.18622468007958332,0.6398015910793257,0.36019840892067434
8,-1,-0.20008629069830153,0.6497418074969339,0.3502581925030661
26,-1,-0.20563948629141615,0.6536706465907857,0.3463293534092143
20,-1,-0.21482787120238775,0.6601043344403421,0.339895665559658
36,-1,-0.2242368148163858,0.6666063324690265,0.3333936675309736
56,-1,-0.23782667542408942,0.6797653815786271,0.3202346184213731
53,-1,-0.24069597434481704,0.6818178332683774,0.3181821667316224
5,-1,-0.24869316385380558,0.6875010307412638,0.3124989692587364
71,-1,-0.25300579872780016,0.6905427047198817,0.3094572952801181
67,-1,-0.25389664066600065,0.6911689705680018,0.3088310294319982
3,-1,-0.2567951374894286,0.6932017628773182,0.3067982371226818
38,-1,-0.26918642708612817,0.7018071421793354,0.29819285782066496
37,-1,-0.27981517069527195,0.7090766832330067,0.29092331676699346
52,-1,-0.28801260435421416,0.7146113273601791,0.2853886726398207
54,-1,-0.30934000309945603,0.7287101804906104,0.2712898195093895
23,-1,-0.31008605458357774,0.7291953819970063,0.2708046180029936
21,-1,-0.31927282970970194,0.7351251760135001,0.2648748239865
34,-1,-0.3250640827175601,0.738820292219199,0.26117970778080096
58,-1,-0.33499158726573053,0.7450765212423437,0.25492347875765636
62,-1,-0.34248577275383796,0.7497334995736484,0.2502665004263515
24,-1,-0.34729902700696497,0.7526944622554921,0.24730553774450764
16,-1,-0.3538568381420521,0.7566906016242363,0.24330939837576385
68,-1,-0.359124538838807,0.7598686983669015,0.24013130163309837
75,-1,-0.36439178398174,0.7630180121037078,0.23698198789629207
70,-1,-0.3778212820123788,0.770918026249202,0.22908197375079814
13,-1,-0.3997011681777145,0.7833882979470941,0.21661170205290609
74,-1,-0.41248385898439177,0.7904429901606668,0.20955700983933304
22,-1,-0.42362828024777094,0.7964545523559058,0.20354544764409413
61,-1,-0.42410319426951204,0.7967078575030567,0.2032921424969431
59,-1,-0.43383764928881274,0.8018482126189965,0.19815178738100353
9,-1,-0.4362433959945721,0.8031034012186031,0.19689659878139681
69,-1,-0.4587751908150366,0.8145681420659306,0.18543185793406944
39,-1,-0.46362686637732253,0.8169682263863988,0.18303177361360118
40,-1,-0.4741107597911214,0.8220720490208188,0.1779279509791813
4,-1,-0.49230761743620943,0.8306648295720296,0.16933517042797044
60,-1,-0.53098343686734,0.8478262069211919,0.15217379307880788
72,-1,-0.5347797847468856,0.8494314231173887,0.15056857688261144
45,-1,-0.5930312504139226,0.872349117673286,0.12765088232671412
30,-1,-0.6074441821300874,0.8775394200052821,0.12246057999471806
55,-1,-0.6109647230011527,0.8787793087108672,0.12122069128913279
43,-1,-0.6253600446838149,0.883737047781946,0.11626295221805398
44,-1,-0.6512491591266745,0.8922105667052141,0.10778943329478578
28,-1,-0.7470750661856741,0.9190081157686848,0.08099188423131515
46,-1,-0.7656458949283094,0.9234430525006335,0.07655694749936652
12,-1,-0.7831376387365944,0.9274155182174387,0.07258448178256122
27,-1,-0.8537658025434844,0.9389994988750622,0.06100050112493771
29,-1,-0.9497447485823535,0.9551891224067348,0.0448108775932652
10,-1,-0.9534447443122078,0.955722208022776,0.044277791977224104
11,-1,-1.1596954925760887,0.9773948763784794,0.022605123621520416
